Pays,geo,Continent,Agricultural water withdrawal (10^9 m3/year),Industrial water withdrawal (10^9 m3/year),Municipal water withdrawal (10^9 m3/year),Total water withdrawal (10^9 m3/year),Total water withdrawal per capita (m3/inhab/year),Total internal renewable water resources (IRWR) (10^9 m3/year),Water resources: total external renewable (10^9 m3/year),Total renewable water resources (10^9 m3/year),Dependency ratio (%),Total renewable water resources per capita (m3/inhab/year),Total internal renewable water resources (IRWR) (10^9 m3/year).1,Water resources: total external renewable (10^9 m3/year).1,Total renewable water resources (10^9 m3/year).1,Dependency ratio (%).1,Total renewable water resources per capita (m3/inhab/year).1,Produced municipal wastewater (10^9 m3/year),Collected municipal wastewater (10^9 m3/year),Treated municipal wastewater (10^9 m3/year),Direct use of treated municipal wastewater (10^9 m3/year),Long-term average annual precipitation in depth (mm/year),Long-term average annual precipitation in volume (10^9 m3/year),Surface water produced internally (10^9 m3/year),Groundwater produced internally (10^9 m3/year),Overlap between surface water and groundwater (10^9 m3/year),Total internal renewable water resources (IRWR) (10^9 m3/year).2,Fresh surface water withdrawal (primary and secondary) (10^9 m3/year),Fresh groundwater withdrawal (primary and secondary) (10^9 m3/year),Total freshwater withdrawal (primary and secondary) (10^9 m3/year),Desalinated water produced (10^9 m3/year),Direct use of treated municipal wastewater (10^9 m3/year).1,codes
Algeria,"28.188930800120662,3.362506859375003",Africa,4.99,0.415,3.2,8.425,225.0,11.25,0.42,11.67,3.5989999999999998,294.2,11.25,0.42,11.67,3.5989999999999998,294.2,0.82,0.705,0.324,,89.0,212.0,9.76,1.4869999999999999,0.0,11.25,4.8,3.0,7.81,0.615,,DZA
Angola,"-11.202692,17.873886999999968",Africa,0.1467,0.2396,0.3195,0.7058,36.79,148.0,0.4,148.4,0.2695,5931.0,148.0,0.4,148.4,0.2695,5931.0,,,,,1010.0,1259.0,145.0,58.0,55.0,148.0,,,0.7057,0.0001,,AGO
Benin,"9.30769,2.3158339999999953",Africa,0.059000000000000004,0.03,0.040999999999999995,0.13,17.53,10.3,16.9,26.39,60.97,2426.0,10.3,16.9,26.39,60.97,2426.0,,,,,1039.0,119.2,10.0,1.8,1.5,10.3,0.08900000000000001,0.040999999999999995,0.13,,,BEN
Botswana,"-22.328474,24.684866000000056",Africa,0.08,0.0389,0.0878,0.19399999999999998,108.6,2.4,9.84,12.24,80.39,5411.0,2.4,9.84,12.24,80.39,5411.0,0.011000000000000001,,0.008,,416.0,242.0,0.8,1.7,0.1,2.4,0.064,0.13,0.19399999999999998,,,BWA
Burkina Faso,"12.238333,-1.5615930000000162",Africa,0.4207,0.0217,0.3756,0.818,57.35,12.5,1.0,13.05,7.407,745.6,12.5,1.0,13.5,7.407,745.6,0.0487,0.0024,0.0014,0.0013,748.0,205.1,8.0,9.5,5.0,12.5,,0.011000000000000001,0.818,,0.0013,BFA
Burundi,"-3.373056,29.91888599999993",Africa,0.222,0.015,0.0431,0.28800000000000003,40.22,10.6,2.476,12.54,19.75,1122.0,10.6,2.476,12.54,19.75,1122.0,,,,,1274.0,35.46,10.06,7.47,7.47,10.6,,,0.28800000000000003,,,BDI
Cabo Verde,"16.5388,-23.041799999999967",Africa,0.025,0.004,0.0016,0.022000000000000002,48.31,0.3,0.0,0.3,0.0,576.4,0.3,0.0,0.3,0.0,576.4,0.0039,,,,228.0,0.9188,0.181,0.124,0.005,0.3,,,0.0203,0.0017,,CPV
Cameroon,"7.369721999999999,12.354722000000038",Africa,0.737,0.1046,0.2468,0.9664,57.6,273.0,10.15,283.1,3.585,12127.0,273.0,10.15,283.1,3.585,12127.0,0.0662,,,,1604.0,762.6,268.0,100.0,95.0,273.0,,,0.9664,,,CMR
Central African Republic,"6.611110999999999,20.93944399999998",Africa,0.004,0.012,0.0601,0.0725,17.25,141.0,0.0,141.0,0.0,28776.0,141.0,0.0,141.0,0.0,28776.0,,,,,1343.0,836.7,141.0,56.0,56.0,141.0,,,0.0725,,,CAF
Chad,"45.5019668,-73.57426400000003",Africa,0.6722,0.1037,0.1037,0.8796,81.6,15.0,30.7,45.7,67.18,3256.0,15.0,30.7,45.7,67.18,3256.0,,,,,322.0,413.4,13.5,11.5,10.0,15.0,,,0.8796,,,TCD
Comoros,"-11.6455,43.33330000000001",Africa,0.0047,0.0005,0.0048,0.01,17.38,1.2,0.0,1.02,0.0,1522.0,1.2,0.0,1.2,0.0,1522.0,,,,,900.0,1.675,0.2,1.0,0.0,1.2,,,0.01,,,COM
Congo,"-4.038333,21.758663999999953",Africa,0.004,0.024,0.0637,0.046,14.12,222.0,610.0,832.0,73.32,180087.0,222.0,610.0,832.0,73.32,180087.0,,,0.0,,1646.0,562.9,222.0,122.0,122.0,222.0,0.022000000000000002,0.024,0.046,,,COG
CÃ´te d'Ivoire,"7.539988999999999,-5.547080000000051",Africa,0.5953,0.318,0.6359,1.5490000000000002,82.12,76.84,7.3,84.14,8.676,3706.0,76.84,7.3,84.14,8.676,3706.0,,,0.0001,,1348.0,434.7,74.0,37.84,35.0,76.84,,,1.5490000000000002,,,CIV
Democratic Republic of the Congo,"-4.038333,21.758663999999953",Africa,0.0719,0.1468,0.4649,0.6836,11.42,900.0,383.0,1283.0,29.85,16605.0,900.0,383.0,1283.0,29.85,16605.0,,,,,1543.0,3618.0,899.0,421.0,420.0,900.0,,,0.6836,,,NaN
Djibouti,"11.825138,42.59027500000002",Africa,0.003,0.0,0.016,0.019,25.49,0.3,0.0,0.3,0.0,337.9,0.3,0.0,0.3,0.0,337.9,,,,0.0001,220.0,5.104,0.3,0.015,0.015,0.3,0.001,0.018000000000000002,0.0188,0.0001,0.0001,DJI
Egypt,"26.820553,30.802498000000014",Africa,67.0,2.0,9.0,78.0,910.6,1.8,56.5,58.3,96.91,637.1,1.8,56.5,58.3,96.91,637.1,7.077999999999999,6.497000000000001,4.013,2018-03-01 00:00:00,51.0,51.07,0.5,1.3,0.0,1.8,,8.045,73.8,0.2,1.3,EGY
Equatorial Guinea,"1.650801,10.267894999999953",Africa,0.001,0.003,0.0158,0.0174,30.65,26.0,0.0,26.0,0.0,30766.0,26.0,0.0,26.0,0.0,30766.0,,,,,2156.0,60.48,25.0,10.0,9.0,26.0,,,0.0174,,,GNQ
Eritrea,"15.179384,39.78233399999999",Africa,0.55,0.001,0.031,0.5820000000000001,132.1,2.8,4.515,7.315,61.72,1399.0,2.8,4.515,7.315,61.72,1399.0,0.018000000000000002,,,,384.0,45.16,2.7,0.5,0.4,2.8,,,0.5820000000000001,,,ERI
Eswatini,"-26.522503,31.465866000000005",Africa,1.006,0.0207,0.0413,1.042,963.0,2.64,1.87,4.51,41.46,3504.0,2.64,1.87,4.51,41.46,3504.0,0.0132,,0.009,,788.0,13.68,2.64,0.66,0.66,2.64,,,1.042,,,SWZ
Ethiopia,"9.145000000000001,40.48967300000004",Africa,9.687000000000001,0.0511,0.81,10.55,106.1,122.0,0.0,122.0,0.0,1227.0,122.0,0.0,122.0,0.0,1227.0,,,0.0,0.0,848.0,936.4,120.0,20.0,18.0,122.0,,,10.55,,0.0,ETH
Gabon,"-0.803689,11.60944399999994",Africa,0.0403,0.0141,0.0847,0.1391,96.53,164.0,2.0,166.0,1.205,96232.0,164.0,2.0,166.0,1.205,96232.0,,,,,1831.0,490.1,162.0,62.0,60.0,164.0,,,0.1391,,,GAB
Gambia,"13.443182,-15.310138999999936",Africa,0.0392,0.0212,0.0412,0.0905,69.19,3.0,5.0,8.0,62.5,4018.0,3.0,5.0,8.0,62.5,4018.0,,,,,836.0,9.447000000000001,3.0,0.5,0.5,3.0,,,0.0905,,,GMB
Ghana,"7.946527,-1.0231939999999895",Africa,0.652,0.095,0.251,0.982,49.63,30.3,25.9,56.2,46.09,2050.0,30.3,25.9,56.2,46.09,2050.0,0.28,0.027999999999999997,0.022,,1187.0,283.1,29.0,26.3,25.0,30.3,,,0.982,,,GHA
Guinea,"9.945587,-9.69664499999999",Africa,0.2929,0.0562,0.2248,0.5533,60.71,226.0,0.0,226.0,0.0,17924.0,226.0,0.0,226.0,0.0,17924.0,,,,,1651.0,405.9,226.0,38.0,38.0,226.0,0.6659999999999999,0.07400000000000001,0.5533,,,GIN
Guinea-Bissau,"11.803749,-15.180413000000044",Africa,0.14400000000000002,0.0119,0.0341,0.175,127.6,16.0,15.04,31.4,49.04,17028.0,16.0,15.4,31.4,49.04,17028.0,,,,,1577.0,56.98,12.0,14.0,10.0,16.0,0.14400000000000002,0.031,0.175,,,GNB
Kenya,"-0.023559,37.90619300000003",Africa,1.9069999999999998,0.125,1.186,3.218,75.64,20.7,10.0,30.07,32.57,666.7,20.7,10.0,30.7,32.57,666.7,,,,,630.0,365.6,20.2,3.5,3.0,20.7,,,3.218,,,KEN
Lesotho,"-29.609988,28.233608000000004",Africa,0.0038,0.02,0.02,0.0438,23.24,5.23,-2.208,3.022,0.0,1415.0,5.23,-2.208,3.022,0.0,1415.0,,,,,788.0,23.92,5.23,0.5,0.5,5.23,,,0.0438,,,LSO
Liberia,"6.428055,-9.429498999999964",Africa,0.0123,0.0534,0.0802,0.1308,42.59,200.0,32.0,232.0,13.79,51521.0,200.0,32.0,232.0,13.79,51521.0,,,,,2391.0,266.3,200.0,45.0,45.0,200.0,,,0.1308,,,LBR
Libya,"26.3351,17.228331000000026",Africa,4.85,0.28,0.7,5.83,927.9,0.7,0.0,0.7,0.0,111.5,0.7,0.0,0.7,0.0,111.5,0.504,0.16699999999999998,0.04,,56.0,98.53,0.2,0.6,0.1,0.7,0.17,5.55,5.76,0.07,,LBY
Madagascar,"-18.766947,46.869106999999985",Africa,13.0,0.1619,0.395,13.56,700.0,337.0,0.0,337.0,0.0,13906.0,337.0,0.0,337.0,0.0,13906.0,,,,,1513.0,888.6,332.0,55.0,50.0,337.0,,0.024,13.56,,,MDG
Malawi,"-13.254308,34.30152499999997",Africa,1.166,0.0477,0.1431,1.357,100.5,16.14,1.14,17.28,6.597,1004.0,16.14,1.14,17.28,6.597,1004.0,,,,,1181.0,139.9,16.14,2.5,2.5,16.14,,,1.357,,,MWI
Mali,"17.570692,-3.9961660000000165",Africa,5.075,0.004,0.107,5.186,376.9,60.0,60.0,120.0,50.0,6818.0,60.0,60.0,120.0,50.0,6818.0,0.0967,,,,282.0,349.7,50.0,20.0,10.0,60.0,5.125,0.061,5.186,,,MLI
Mauritania,"21.00789,-10.940834999999993",Africa,1.2229999999999999,0.0318,0.0954,1.35,405.6,0.4,11.0,11.04,96.49,2802.0,0.4,11.0,11.4,96.49,2802.0,0.0214,,0.0007,,92.0,94.82,0.1,0.3,0.0,0.4,,,1.348,0.002,,MRT
Mauritius,"-20.348404,57.55215199999998",Africa,0.491,0.02,0.214,0.725,588.0,2.7510000000000003,0.0,2.7510000000000003,0.0,2161.0,2.7510000000000003,0.0,2.7510000000000003,0.0,2161.0,0.0243,,0.041,,2041.0,4.164,2.358,0.893,0.5,2.7510000000000003,0.5770000000000001,0.14800000000000002,0.725,,,MUS
Morocco,"31.791702,-7.092620000000011",Africa,9.156,0.212,1.063,10.43,316.2,29.0,0.0,29.0,0.0,843.6,29.0,0.0,29.0,0.0,843.6,0.7,,0.166,0.07,346.0,154.5,22.0,10.0,3.0,29.0,8.251,2.322,10.35,0.006999999999999999,0.07,MAR
Mozambique,"-18.665695,35.52956199999994",Africa,1.0759999999999998,0.025,0.37200000000000005,1.473,52.65,100.3,116.8,217.1,53.8,7760.0,100.3,116.8,217.1,53.8,7760.0,,,0.0,,1032.0,825.0,97.3,17.0,14.0,100.3,,,1.473,,,MOZ
Namibia,"-22.95764,18.490409999999997",Africa,0.201,0.013999999999999999,0.073,0.28800000000000003,147.1,6.16,33.75,39.91,84.57,16230.0,6.16,33.75,39.91,84.57,16230.0,0.0195,,0.006,0.0058,285.0,234.9,4.1,2.1,0.04,6.16,0.1566,0.1253,0.2819,0.0003,0.0058,NAM
Niger,"17.607789,8.081666000000041",Africa,0.6565,0.0137,0.0617,0.9836,67.7,3.5,30.55,34.05,89.72,1711.0,3.5,30.55,34.05,89.72,1711.0,0.0396,,,,151.0,191.3,1.0,2.5,0.0,3.5,0.04,0.46,0.9836,,,NER
Nigeria,"9.081999,8.675277000000051",Africa,5.51,1.965,5.0,12.47,74.12,221.0,65.2,286.2,22.78,1571.0,221.0,65.2,286.2,22.78,1571.0,,,,,1150.0,1062.0,214.0,87.0,80.0,221.0,,,12.47,0.003,,NGA
Rwanda,"-1.940278,29.873887999999965",Africa,0.102,0.0205,0.0614,0.15,17.57,9.5,3.08,13.03,28.57,1146.0,9.5,3.8,13.3,28.57,1146.0,,,,,1212.0,31.92,9.5,7.0,7.0,9.5,,,0.15,,,RWA
Sao Tome and Principe,"0.18636,6.613080999999966",Africa,,,,0.006999999999999999,53.8,2.18,0.0,2.18,0.0,11456.0,2.18,0.0,2.18,0.0,11456.0,,,,,3200.0,3.072,,,,2.18,,,0.006999999999999999,,,STP
Senegal,"14.497401,-14.452361999999994",Africa,2.065,0.057999999999999996,0.098,2.221,213.8,25.8,13.17,38.97,33.8,2576.0,25.8,13.17,38.97,33.8,2576.0,0.0696,,0.0112,,686.0,134.9,23.8,3.5,1.5,25.8,,,2.221,5e-05,,SEN
Seychelles,"-4.679574,55.49197700000002",Africa,0.0009,0.0038,0.009000000000000001,0.0137,150.8,,0.0,,0.0,,,0.0,,0.0,,0.0088,,,0.000006,2330.0,1.072,,,,,0.0116,0.0003,0.0127,0.001,6e-06,SYC
Sierra Leone,"8.460555,-11.779889000000026",Africa,0.0457,0.0555,0.111,0.2122,39.36,160.0,0.0,160.0,0.0,24795.0,160.0,0.0,160.0,0.0,24795.0,,,,,2526.0,182.6,150.0,25.0,15.0,160.0,,,0.2122,,,SLE
Somalia,"5.152149,46.19961599999999",Africa,3.281,0.002,0.015,3.298,370.2,6.0,8.07,14.7,59.18,1363.0,6.0,8.7,14.7,59.18,1363.0,,,0.0,,282.0,179.8,5.7,3.3,3.0,6.0,3.167,0.131,3.298,0.0004,,SOM
South Africa,"-30.559482,22.937505999999985",Africa,9.69,1.625,4.185,15.5,284.5,44.8,6.55,51.35,12.84,942.4,44.8,6.55,51.35,12.84,942.4,3.542,2.7689999999999997,1.919,1.61,495.0,603.4,43.0,4.8,3.0,44.8,12.12,1.77,15.5,0.018000000000000002,1.61,ZAF
South Sudan,"6.876991899999999,31.306978800000024",Africa,0.24,0.225,0.193,0.6579999999999999,59.92,26.0,23.05,49.5,65.79,4011.0,26.0,2018-05-23 00:00:00,49.5,65.79,4011.0,,,,,900.0,579.9,26.0,4.0,4.0,26.0,,,0.6579999999999999,,,SSD
Sudan,"12.862807,30.21763599999997",Africa,25.91,0.075,0.95,26.93,714.1,4.0,33.8,37.8,96.13,939.5,4.0,33.8,37.8,96.13,939.5,,,,,250.0,469.8,2.0,3.0,1.0,4.0,,,26.93,,,SDN
Togo,"8.619543,0.8247820000000274",Africa,0.076,0.0063,0.1407,0.16899999999999998,32.87,11.5,3.02,14.7,21.77,2012.0,11.5,3.2,14.7,21.77,2012.0,,,,,1168.0,66.33,10.8,5.7,5.0,11.5,,,0.16899999999999998,,,TGO
Tunisia,"33.886917,9.537499000000025",Africa,2.6439999999999997,0.165,0.496,3.305,303.7,4.195,0.42,4.615,9.101,410.1,4.195,0.42,4.615,9.101,410.1,0.287,0.24100000000000002,0.226,0.068,207.0,33.87,3.1,1.495,0.4,4.195,1.151,2.066,3.217,0.0197,0.068,TUN
Uganda,"1.373333,32.290275000000065",Africa,0.259,0.05,0.32799999999999996,0.637,17.99,39.0,21.01,60.1,35.11,1540.0,39.0,21.1,60.1,35.11,1540.0,0.0419,,,,1180.0,285.0,39.0,29.0,29.0,39.0,,,0.637,,,UGA
United Republic of Tanzania,"-6.369028,34.888822000000005",Africa,4.632,0.025,0.527,5.184,144.6,84.0,12.27,96.27,12.75,1800.0,84.0,12.27,96.27,12.75,1800.0,,0.027999999999999997,,,1071.0,1015.0,80.0,30.0,26.0,84.0,,,5.184,,,NaN
Zambia,"-13.133897,27.849332000000004",Africa,1.1520000000000001,0.13,0.29,1.5719999999999998,141.1,80.2,24.06,104.8,23.47,6464.0,80.2,24.6,104.8,23.47,6464.0,0.1184,,,,1020.0,767.7,80.2,47.0,47.0,80.2,1.68,0.067,1.5719999999999998,,,ZMB
Zimbabwe,"-19.015438,29.154856999999993",Africa,2.93,0.215,0.425,3.57,268.5,12.26,7.74,20.0,38.7,1282.0,12.26,7.74,20.0,38.7,1282.0,0.19399999999999998,,0.095,,657.0,256.7,11.26,6.0,5.0,12.26,3.785,0.42,3.57,,,ZWE
Antigua and Barbuda,"17.060816,-61.79642799999999",Americas,0.0018,0.0025,0.0072,0.0115,129.1,0.052000000000000005,0.0,0.052000000000000005,0.0,566.3,0.052000000000000005,0.0,0.052000000000000005,0.0,566.3,,,0.0002,,1030.0,0.4532,,,,0.052000000000000005,0.0037,0.0007,0.0044,0.0071,,ATG
Argentina,"-38.416097,-63.616671999999994",Americas,27.93,4.0,5.85,37.78,897.5,292.0,584.2,876.2,66.67,20181.0,292.0,584.2,876.2,66.67,20181.0,2.458,1.5959999999999999,0.29,0.091,591.0,1643.0,276.0,128.0,112.0,292.0,26.36,11.33,37.69,0.006999999999999999,0.091,ARG
Bahamas,"25.03428,-77.39627999999999",Americas,,,0.031,,,0.7,0.0,0.7,0.0,1804.0,0.7,0.0,0.7,0.0,1804.0,,,,,1292.0,17.93,,,,0.7,,,,0.0074,,BHS
Barbados,"13.193887,-59.54319799999996",Americas,0.0548,0.0062,0.02,0.081,293.3,0.08,0.0,0.08,0.0,281.5,0.08,0.0,0.08,0.0,281.5,0.011000000000000001,,0.003,,1422.0,0.6115,0.008,0.07400000000000001,0.002,0.08,,,0.07,0.011000000000000001,,BRB
Belize,"17.189877,-88.49765000000002",Americas,0.0684,0.0212,0.0114,0.10099999999999999,385.2,15.26,6.474,21.73,29.79,60479.0,15.26,6.474,21.73,29.79,60479.0,0.002,,,,1705.0,39.16,15.26,7.51,7.51,15.26,,,0.10099999999999999,,,BLZ
Bolivia (Plurinational State of),"38.9151598,-77.045635",Americas,1.92,0.032,0.136,2.088,203.9,303.5,270.5,574.0,47.13,53520.0,303.5,270.5,574.0,47.13,53520.0,0.157,,0.0336,,1146.0,1259.0,277.4,130.0,103.9,303.5,,,2.088,,,BOL
Brazil,"-14.235004,-51.92527999999999",Americas,44.9,12.72,17.21,74.83,369.7,5661.0,2986.0,8647.0,34.53,41603.0,5661.0,2986.0,8647.0,34.53,41603.0,10.3,5.39,2018-01-03 00:00:00,0.009,1761.0,14995.0,5661.0,645.6,645.6,5661.0,,,74.78,0.04,0.009000000000000001,BRA
Canada,"56.130366,-106.34677099999999",Americas,4.749,33.12,5.877999999999999,38.8,1113.0,2850.0,52.0,2902.0,1.7919999999999998,80746.0,2850.0,52.0,2902.0,1.7919999999999998,80746.0,6.6129999999999995,5.819,5.632,,537.0,5362.0,2840.0,370.0,360.0,2850.0,40.34,1.871,38.8,0.0027,,CAN
Chile,"-35.675147,-71.54296899999997",Americas,29.42,4.744,1.2670000000000001,35.43,2152.0,885.0,38.06,923.1,4.123,51432.0,885.0,38.06,923.1,4.123,51432.0,1.112,1.067,0.768,0.0,1522.0,1151.0,885.0,140.0,140.0,885.0,32.59,2.778,35.36,0.0645,0.0,CHL
Colombia,"4.570868,-74.29733299999998",Americas,6.391,2.242,3.134,11.77,251.1,2145.0,215.0,2360.0,9.11,48933.0,2145.0,215.0,2360.0,9.11,48933.0,2.397,0.552,0.154,,3240.0,3699.0,2145.0,510.0,510.0,2145.0,10.69,1.073,11.77,,,COL
Costa Rica,"9.748916999999999,-83.75342799999999",Americas,1.33,0.26,0.76,2.35,488.8,113.0,0.0,113.0,0.0,23502.0,113.0,0.0,113.0,0.0,23502.0,0.314,0.084,0.047,,2926.0,149.5,113.0,37.31,37.31,113.0,1.554,0.7933,2.347,0.0031,,CRI
Cuba,"21.521757,-77.78116699999998",Americas,4.519,0.74,1.7,6.959,611.0,38.12,0.0,38.12,0.0,3347.0,38.12,0.0,38.12,0.0,3347.0,0.8390000000000001,0.725,0.223,,1335.0,146.7,31.64,6.48,0.0,38.12,4.314,2.6439999999999997,6.959,0.0004,,CUB
Dominica,"15.414999,-61.37097600000004",Americas,0.001,0.0,0.019,0.02,279.0,0.2,0.0,0.2,0.0,2752.0,0.2,0.0,0.2,0.0,2752.0,,,,,2083.0,1.5619999999999998,,,,0.2,0.02,0.0,0.02,,,DMA
Dominican Republic,"18.735693,-70.16265099999998",Americas,5.715,0.586,0.855,7.156000000000001,704.7,23.5,0.0,23.5,0.0,2232.0,23.5,0.0,23.5,0.0,2232.0,0.42700000000000005,0.040999999999999995,0.008,,1410.0,68.62,23.5,4.1610000000000005,4.1610000000000005,23.5,,0.386,7.1370000000000005,,,DOM
Ecuador,"-1.831239,-78.18340599999999",Americas,8.076,0.5489999999999999,1.2930000000000001,9.918,698.2,442.4,0.0,442.4,0.0,27403.0,442.4,0.0,442.4,0.0,27403.0,0.4575,,0.158,,2274.0,583.0,432.0,134.0,123.6,442.4,,,9.916,0.0022,,ECU
El Salvador,"13.794185,-88.89652999999998",Americas,1.431,0.213,0.474,2.1180000000000003,353.8,15.63,10.64,26.27,40.5,4288.0,15.63,10.64,26.27,40.5,4288.0,0.09699999999999999,,0.001,,1784.0,37.54,12.05,6.15,2.57,15.63,1.483,0.635,2.1180000000000003,0.0004,,SLV
Grenada,"12.1165,-61.678999999999974",Americas,0.0021,0.0,0.012,0.0141,132.0,0.2,0.0,0.2,0.0,1873.0,0.2,0.0,0.2,0.0,1873.0,0.011000000000000001,0.001,,,2350.0,0.799,,,,0.2,0.0131,0.001,0.0141,,,GRD
Guatemala,"15.783471,-90.23075899999998",Americas,1.886,0.6031,0.835,3.324,240.9,109.2,18.71,127.9,14.63,7826.0,109.2,18.71,127.9,14.63,7826.0,0.6679999999999999,,0.0065,,1996.0,217.3,100.7,33.7,25.2,109.2,,,3.324,,,GTM
Guyana,"4.860416,-58.93018000000001",Americas,1.3630000000000002,0.0204,0.0613,1.445,1905.0,241.0,30.0,271.0,11.7,353279.0,241.0,30.0,271.0,11.07,353279.0,,,,,2387.0,513.1,241.0,103.0,103.0,241.0,,,1.445,,,GUY
Haiti,"18.971187, -72.285215",Americas,1.209,0.051,0.19,1.45,140.9,13.1,1.015,14.3,7.237,1310.0,13.01,1.015,14.03,7.237,1310.0,,,,,1440.0,39.96,10.85,2.157,0.0,13.01,,,1.45,,,HTI
Honduras,"15.199999, -86.24190499999997",Americas,1.178,0.114,0.315,1.607,225.3,90.66,1.504,92.16,1.632,11413.0,90.66,1.504,92.16,1.632,11413.0,,0.426,0.043,,1976.0,222.3,81.57,39.0,29.91,90.66,1.443,0.16399999999999998,1.607,0.0002,,HND
Jamaica,"18.109581, -77.297508",Americas,0.44799999999999995,0.076,0.28800000000000003,0.812,300.2,10.82,0.0,10.82,0.0,3874.0,10.82,0.0,10.82,0.0,3874.0,,,,,2051.0,22.54,9.111,5.472,3.76,10.82,0.07400000000000001,0.8535,0.8115,0.0005,,JAM
Mexico,"23.634501, -102.55278399999997",Americas,65.36,7.825,12.48,85.66,674.4,409.0,52.88,461.9,11.53,3637.0,409.0,52.88,461.9,11.53,3637.0,7.26,6.66,3.34,0.804,758.0,1489.0,350.0,150.0,91.0,409.0,52.35,33.31,85.66,0.0191,0.804,MEX
Nicaragua,"12.865416, -85.20722899999998",Americas,1.185,0.0736,0.28600000000000003,1.545,262.9,156.2,8.31,164.5,5.051,27047.0,156.2,8.31,164.5,5.051,27047.0,0.304,0.1793,0.1112,0.0011,2280.0,297.2,152.6,59.0,55.39,156.2,,,1.545,0.0002,0.0011,NIC
Panama,"8.537981, -80.782127",Americas,0.446,0.01,0.581,1.037,277.0,136.6,2.7039999999999997,139.3,1.9409999999999998,35454.0,136.6,2.704,139.3,1.9409999999999998,35454.0,0.39399999999999996,,,,2928.0,220.8,133.2,21.0,17.6,136.6,,,1.037,,,PAN
Paraguay,"-23.442503, -58.443831999999986",Americas,1.8969999999999998,0.154,0.36200000000000004,2.4130000000000003,378.3,117.0,270.8,387.8,69.83,58412.0,117.0,270.8,387.8,69.83,58412.0,0.2048,,,,1130.0,459.6,117.0,41.64,41.64,117.0,1.969,0.444,2.4130000000000003,8e-06,,PRY
Peru,"-9.189967, -75.015152",Americas,0.0,0.289,1.254,13.66,452.9,1641.0,238.8,1880.0,12.7,59916.0,1641.0,238.8,1880.0,12.7,59916.0,0.995,0.655,0.275,0.0303,1738.0,2234.0,1641.0,303.0,303.0,1641.0,11.8,1.765,13.56,0.0054,0.0303,PER
Puerto Rico,"18.220833, -66.590149",Americas,0.0641,3.15,0.9386,4.1530000000000005,1124.0,7.1,0.0,7.1,0.0,1928.0,7.1,0.0,7.1,0.0,1928.0,,,,,2054.0,18.22,,,,7.1,0.8440000000000001,0.1727,1.0170000000000001,,,PRI
Saint Kitts and Nevis,"17.357822, -62.78299800000002",Americas,0.0002,0.0,0.0154,0.0156,290.8,0.024,0.0,0.024,0.0,431.9,0.024,0.0,0.024,0.0,431.9,,,,,1427.0,0.371,0.004,0.02,0.0,0.024,0.0046,0.0076,0.0123,0.0033,,KNA
Saint Lucia,"13.909444, -60.97889299999997",Americas,0.0304,0.0,0.0125,0.0429,252.1,0.3,0.0,0.3,0.0,1622.0,0.3,0.0,0.3,0.0,1622.0,,,,,2301.0,1.4269999999999998,,,,0.3,,,0.0429,,,LCA
Saint Vincent and the Grenadines,"12.984305, -61.28722800000003",Americas,0.0,6e-06,0.0085,0.0085,77.63,0.1,0.0,0.1,0.0,913.2,0.1,0.0,0.1,0.0,913.2,,,,,1583.0,0.6174,,,,0.1,0.0079,0.0,0.0079,6e-06,,VCT
Suriname,"3.919305, -56.027783",Americas,0.4311,0.1355,0.0493,0.6159,1229.0,99.0,0.0,99.0,0.0,182320.0,99.0,0.0,99.0,0.0,182320.0,,,,,2331.0,381.9,99.0,90.0,90.0,99.0,0.5666,0.0493,0.6159,,,SUR
Trinidad and Tobago,"10.691803, -61.22250300000002",Americas,0.0167,0.1289,0.2376,0.3832,285.5,3.84,0.0,3.84,0.0,2824.0,3.84,0.0,3.84,0.0,2824.0,,,,,2200.0,11.29,3.74,0.614,0.514,3.84,0.2284,0.1078,0.3362,0.047,,TTO
United States of America,"37.09024, -95.71289100000001",Americas,175.1,248.4,62.09,485.6,1543.0,2818.0,251.0,3069.0,8.179,9538.0,2818.0,251.0,3069.0,8.179,9538.0,60.41,47.24,45.35,2.774,715.0,7030.0,2662.0,1383.0,1227.0,2818.0,313.9,104.9,418.7,0.58,2.7739999999999996,USA
Uruguay,"-32.522779, -55.76583500000004",Americas,3.17,0.08,0.41,3.66,1100.0,92.2,80.0,172.2,46.46,50175.0,92.2,80.0,172.2,46.46,50175.0,0.1152,,,,1300.0,229.1,92.2,22.9,22.9,92.2,3.52,0.14,3.66,,,URY
Venezuela (Bolivarian Republic of),"38.90379, -77.05892499999999",Americas,16.71,0.7933,5.122999999999999,22.63,817.8,805.0,520.0,1325.0,39.25,42594.0,805.0,520.0,1325.0,39.25,42594.0,2.903,,0.93,,2044.0,1864.0,782.7,227.0,204.7,805.0,,,22.62,0.0052,,VEN
Afghanistan,"33.93911, 67.70995300000004",Asia,20.0,0.1695,0.2034,20.28,943.8,47.15,18.18,65.33,28.72,2008.0,47.15,18.18,65.33,28.72,2008.0,,,,,327.0,213.5,37.5,10.65,1.0,47.15,17.24,3.042,20.28,,,AFG
Armenia,"40.069099, 45.03818899999999",Asia,2.949,0.125,0.198,3.272,1084.0,6.859,0.91,7.769,11.71,2574.0,6.859,0.91,7.769,11.71,2574.0,0.363,,0.115,0.0001,562.0,16.71,3.948,4.311,1.4,6.859,2.2159999999999997,0.611,3.272,,0.0001,ARM
Azerbaijan,"40.143105, 47.57692700000007",Asia,10.1,2.36,0.521,11.97,1279.0,8.115,26.56,34.68,76.6,3555.0,8.115,26.56,34.68,76.6,3555.0,0.659,,0.161,,447.0,38.71,5.955,6.51,4.35,8.115,10.79,0.7070000000000001,11.97,,,AZE
Bahrain,"26.0667, 50.55770000000007",Asia,0.1592,0.0203,0.1779,0.3574,348.0,0.004,0.11199999999999999,0.11599999999999999,96.55,84.24,0.004,0.112,0.11599999999999999,96.55,84.24,0.151,0.10099999999999999,0.076,0.016,83.0,0.064,0.004,0.0,0.0,0.004,0.0,0.2387,0.2387,0.1024,0.016,BHR
Bangladesh,"23.684994, 90.35633099999995",Asia,31.5,0.77,3.6,35.87,231.0,105.0,1122.0,1227.0,91.44,7621.0,105.0,1122.0,1227.0,91.44,7621.0,0.725,,,,2666.0,393.6,83.91,21.09,0.0,105.0,7.39,28.48,35.87,,,BGD
Bhutan,"27.514162, 90.43360099999995",Asia,0.318,0.003,0.017,0.33799999999999997,454.5,78.0,0.0,78.0,0.0,100671.0,78.0,0.0,78.0,0.0,100671.0,0.0039,,,,2200.0,84.46,78.0,8.1,8.1,78.0,0.3379,0.0,0.3379,,,BTN
Brunei Darussalam,"4.535277, 114.72766899999999",Asia,0.0053,,0.1515,0.092,297.0,8.5,0.0,8.5,0.0,20085.0,8.5,0.0,8.5,0.0,20085.0,,,,,2722.0,15.71,8.5,0.1,0.1,8.5,0.0915,0.0005,0.092,,,BRN
Cambodia,"12.565679, 104.99096299999997",Asia,2.053,0.033,0.098,2.184,159.1,120.6,355.5,476.1,74.67,30562.0,120.6,355.5,476.1,74.67,30562.0,,,0.0002,,1904.0,344.7,116.0,17.6,13.0,120.6,,,2.184,,,KHM
China,"35.86166, 104.19539699999996",Asia,385.2,133.5,79.4,598.1,425.0,2813.0,27.32,2840.0,0.9619,2018.0,2813.0,27.32,2840.0,0.9619,2018.0,48.51,31.14,49.31,3.86,645.0,6192.0,2712.0,828.8,727.9,2813.0,484.9,106.9,594.2,0.0109,3.86,CHN
Democratic People's Republic of Korea,"40.339852, 127.51009299999998",Asia,6.61,1.145,0.9028,8.658,359.1,67.0,10.15,77.15,13.16,3067.0,67.0,10.15,77.15,13.16,3067.0,,,,,1054.0,127.0,66.0,13.0,12.0,67.0,,,8.658,,,NaN
Georgia,"32.1656221, -82.90007509999998",Asia,1.055,0.4,0.358,1.8230000000000002,440.4,58.13,5.02,63.33,8.211,15832.0,58.13,2018-02-05 00:00:00,63.33,8.211,15832.0,,,0.009,,1026.0,71.51,56.9,17.23,16.0,58.13,1.197,0.616,1.8230000000000002,,,GEO
India,"20.593684, 78.96288000000004",Asia,688.0,17.0,56.0,761.0,602.3,1446.0,464.9,1911.0,30.52,1458.0,1446.0,464.9,1911.0,30.52,1458.0,15.45,,4.416,,1083.0,3560.0,1404.0,432.0,390.0,1446.0,396.5,251.0,647.5,0.0006,,IND
Indonesia,"-0.789275, 113.92132700000002",Asia,92.76,24.65,13.99,113.3,521.2,2019.0,0.0,2019.0,0.0,7839.0,2019.0,0.0,2019.0,0.0,7839.0,14.29,,,,2702.0,5163.0,1973.0,457.4,411.7,2019.0,95.66,17.61,113.3,0.019,,IDN
Iran (Islamic Republic of),"32.427908, 53.688045999999986",Asia,86.0,1.1,6.2,93.3,1301.0,128.5,8.545,137.0,6.773,1732.0,128.5,8.545,137.0,6.773,1732.0,3.548,1.162,0.885,,228.0,397.9,97.3,49.3,18.1,128.5,39.85,53.1,93.1,0.2,,IRN
Iraq,"33.223191, 43.679291000000035",Asia,52.0,9.7,4.3,66.0,2646.0,35.2,54.66,89.86,60.83,2467.0,35.2,54.66,89.86,60.83,2467.0,0.58,0.579,0.425,0.005,216.0,93.97,34.0,3.2,2.0,35.2,,,65.99,0.0074,0.005,IRQ
Israel,"31.046051, 34.85161199999993",Asia,1.016,0.113,0.7120000000000001,1.954,282.3,0.75,1.03,1.78,57.87,220.7,0.75,1.3,1.78,57.87,220.7,0.5,0.48,0.45,0.469,435.0,9.6,0.25,0.5,0.0,0.75,0.5504,0.982,1.419,0.14,0.469,ISR
Japan,"36.204824, 138.252924",Asia,54.43,11.61,15.41,81.45,640.6,430.0,0.0,430.0,0.0,3397.0,430.0,0.0,430.0,0.0,3397.0,16.93,12.02,11.56,0.195,1668.0,630.4,420.0,27.0,17.0,430.0,71.85,9.372,81.22,0.04,0.195,JPN
Jordan,"37.3603149, -96.3038876",Asia,0.575,0.038,0.491,1.104,145.4,0.682,0.255,0.937,27.21,123.4,0.682,0.255,0.937,27.21,123.4,0.18,0.115,0.147,0.0649,111.0,9.915,0.485,0.45,0.253,0.682,0.2791,0.624,1.104,0.0098,0.133,JOR
Kazakhstan,"48.019573, 66.92368399999998",Asia,14.0,6.263,0.878,21.14,1257.0,64.35,44.06,108.4,40.64,6150.0,64.35,44.06,108.4,40.64,6150.0,0.33,,0.274,0.194,250.0,681.2,56.5,33.85,26.0,64.35,18.95,1.03,19.98,0.853,0.19399999999999998,KAZ
Kuwait,"29.31166, 47.48176599999999",Asia,0.4919,0.0233,0.4483,0.9132,447.2,0.0,0.02,0.02,100.0,5.138999999999999,0.0,0.02,0.02,100.0,5.138999999999999,0.292,0.319,0.289,0.078,121.0,2.156,0.0,0.0,0.0,0.0,0.0,0.415,0.415,0.4202,0.078,KWT
Kyrgyzstan,"40.53535759999999, 72.7880609",Asia,7.1,0.336,0.22399999999999998,8.007,1531.0,48.93,-25.31,23.62,1.128,3976.0,48.93,-25.31,23.62,1.128,3976.0,0.0658,,0.0002,0.0001,533.0,106.6,46.46,13.69,11.22,48.93,7.401,0.306,7.707000000000001,,0.0001,KGZ
Lao People's Democratic Republic,"19.85627, 102.495496",Asia,3.193,0.17,0.13,3.4930000000000003,588.0,190.4,143.1,333.5,42.91,49030.0,190.4,143.1,333.5,42.91,49030.0,0.0836,0.546,0.0,,1834.0,434.3,190.4,37.9,37.9,190.4,,,3.4930000000000003,,,LAO
Lebanon,"33.854721, 35.86228499999993",Asia,0.78,0.15,0.38,1.31,320.7,4.8,-0.297,4.503,0.7854,769.6,4.8,-0.297,4.503,0.7854,769.6,0.31,0.10300000000000001,0.056,0.002,661.0,6.907,4.1,3.2,2.5,4.8,0.396,0.7,1.0959999999999999,0.0473,0.002,LBN
Malaysia,"4.210484, 101.97576600000002",Asia,2.505,4.788,3.9019999999999997,11.2,419.0,580.0,0.0,580.0,0.0,19122.0,580.0,0.0,580.0,0.0,19122.0,4.227,,2.603,,2875.0,951.0,566.0,64.0,50.0,580.0,5.319,0.165,11.2,0.0043,,MYS
Maldives,"3.202778, 73.22068000000002",Asia,0.0,0.0003,0.0056,0.0059,2018-11-17 00:00:00,0.03,0.0,0.03,0.0,82.49,0.03,0.0,0.03,0.0,82.49,0.0037,,,,1972.0,0.5916,0.0,0.03,0.0,0.03,,,0.0047,0.0012,,MDV
Mongolia,"46.862496, 103.84665599999994",Asia,0.242,0.23800000000000002,0.071,0.551,196.2,34.8,0.0,34.8,0.0,11761.0,34.8,0.0,34.8,0.0,11761.0,0.146,,0.12,,241.0,377.0,32.7,6.1,4.0,34.8,0.09699999999999999,0.44299999999999995,0.551,0.0,,MNG
Myanmar,"21.916221, 95.95597399999997",Asia,29.57,0.4984,3.323,33.23,682.5,1003.0,165.0,1168.0,14.13,21671.0,1003.0,165.0,1168.0,14.13,21671.0,,,0.0,,2091.0,1415.0,992.1,453.7,443.0,1003.0,30.24,2.991,33.23,,,MMR
Nepal,"28.394857, 84.124008",Asia,9.32,0.0295,0.1476,9.497,364.4,198.2,12.0,210.2,5.709,7372.0,198.2,12.0,210.2,5.709,7372.0,,,0.006,,1500.0,220.8,198.2,20.0,20.0,198.2,,,9.497,,,NPL
Occupied Palestinian Territory,"31.952162, 35.23315400000001",Asia,0.18899999999999997,0.028999999999999998,0.2,0.418,111.3,0.812,0.025,0.8370000000000001,2.987,179.3,0.812,0.025,0.8370000000000001,2.987,179.3,0.071,,,0.01,402.0,2.42,0.072,0.74,0.0,0.812,,,0.408,,0.01,NaN
Oman,"21.4735329, 55.975413",Asia,1.168,0.019,0.134,1.321,509.3,1.4,0.0,1.4,0.0,311.7,1.4,0.0,1.4,0.0,311.7,0.09,0.073,0.009,0.026,125.0,38.69,1.05,1.3,0.95,1.4,0.0,1.186,1.186,0.109,0.026000000000000002,OMN
Pakistan,"30.375321, 69.34511599999996",Asia,172.4,1.4,9.65,183.5,1034.0,55.0,191.8,246.8,77.71,1306.0,55.0,191.8,246.8,77.71,1306.0,3.06,,0.0306,,494.0,393.3,47.4,55.0,47.4,55.0,121.9,61.6,183.5,,,PAK
Papua New Guinea,"-6.314992999999999, 143.95555000000002",Asia,0.001,0.1676,0.2235,0.3921,61.39,801.0,0.0,801.0,0.0,105132.0,801.0,0.0,801.0,0.0,105132.0,,,,,3142.0,1454.0,801.0,211.6,211.6,801.0,,,0.3921,,,PNG
Philippines,"12.879721, 121.77401699999996",Asia,67.07,8.254,6.235,81.56,849.4,479.0,0.0,479.0,0.0,4757.0,479.0,0.0,479.0,0.0,4757.0,1.2590000000000001,,,,2348.0,704.4,444.0,180.0,145.0,479.0,78.35,3.2060000000000004,81.56,,,PHL
Qatar,"25.354826, 51.183884000000035",Asia,0.262,0.008,0.174,0.444,376.6,0.055999999999999994,0.002,0.057999999999999996,3.448,25.95,0.055999999999999994,0.002,0.057999999999999996,3.448,25.95,0.27399999999999997,,0.117,0.047,74.0,0.8591,0.0,0.055999999999999994,0.0,0.055999999999999994,0.0,0.217,0.217,0.18,0.047,QAT
Republic of Korea,"6.9128872, 79.8567706",Asia,15.96,4.45,6.9239999999999995,29.2,605.7,64.85,4.85,69.7,6.957999999999999,1386.0,64.85,4.85,69.7,6.957999999999999,1386.0,7.837999999999999,,6.583,0.157,1274.0,127.8,62.25,13.3,10.7,64.85,25.48,3.717,29.04,0.0002,0.157,NaN
Saudi Arabia,"23.885942, 45.079162",Asia,20.83,0.71,2.13,23.67,907.5,2.4,0.0,2.4,0.0,76.09,2.4,0.0,2.4,0.0,76.09,1.546,1.1440000000000001,1.063,1.003,59.0,126.8,2.2,2.2,2.0,2.4,1.1,21.54,22.64,1.033,1.003,SAU
Singapore,"1.352083, 103.81983600000001",Asia,0.0076,1.2209999999999999,1.078,0.19,81.97,0.6,0.0,0.6,0.0,107.1,0.6,0.0,0.6,0.0,107.1,0.511,0.511,0.511,0.194,2497.0,1.795,,,,0.6,,,0.19,0.0072,0.19399999999999998,SGP
Sri Lanka,"7.873053999999999, 80.77179699999999",Asia,11.31,0.831,0.805,12.95,653.6,52.8,0.0,52.8,0.0,2549.0,52.8,0.0,52.8,0.0,2549.0,0.1181,,,,1712.0,112.3,52.0,7.8,7.0,52.8,,,12.95,,,LKA
Syrian Arab Republic,"34.80207499999999, 38.99681499999997",Asia,14.67,0.6154,1.475,16.76,862.8,7.132000000000001,9.67,16.8,72.36,908.0,7.132000000000001,9.67,16.8,72.36,908.0,1.37,,0.55,0.55,252.0,46.67,4.288,4.843999999999999,2.0,7.132000000000001,,,14.14,,0.55,SYR
Tajikistan,"38.861034, 71.27609299999995",Asia,10.44,0.4078,0.647,11.49,1619.0,63.46,-41.55,21.91,17.34,2583.0,63.46,-41.55,21.91,17.34,2583.0,4.7,,0.1522,0.0,691.0,97.69,60.46,6.0,3.0,63.46,9.26,2.26,11.19,0.0,0.0,TJK
Thailand,"15.870032, 100.99254100000007",Asia,51.79,2.7769999999999997,2.739,57.31,863.7,224.5,214.1,438.6,48.81,6454.0,224.5,214.1,438.6,48.81,6454.0,5.11,1.168,1.168,,1622.0,832.3,213.3,41.9,30.69,224.5,47.48,9.827,57.31,,,THA
Timor-Leste,"-8.874217, 125.72753899999998",Asia,1.071,0.002,0.099,1.172,1148.0,8.215,0.0,8.215,0.0,6932.0,8.215,0.0,8.215,0.0,6932.0,,,,,1500.0,22.3,8.129,0.8859999999999999,0.8,8.215,,,1.172,,,TLS
Turkey,"38.963745, 35.243322000000035",Asia,34.0,4.3,6.2,42.01,561.3,227.0,-15.4,211.6,1.518,2690.0,227.0,-15.4,211.6,1.518,2690.0,4.297,,3.483,0.049,593.0,465.7,186.0,69.0,28.0,227.0,29.54,12.42,41.96,0.0005,0.049,TUR
Turkmenistan,"38.969719, 59.55627800000002",Asia,26.36,0.8390000000000001,0.755,27.95,5753.0,1.405,23.36,24.77,97.0,4609.0,1.405,23.36,24.77,97.0,4609.0,0.268,,0.336,,161.0,78.58,1.0,0.405,0.0,1.405,27.56,0.305,27.87,0.0,,TKM
United Arab Emirates,"23.424076, 53.84781799999996",Asia,3.312,0.069,0.617,3.998,665.2,0.15,0.0,0.15,0.0,16.38,0.15,0.0,0.15,0.0,16.38,0.5,,0.289,0.248,78.0,6.521,0.15,0.12,0.12,0.15,0.0,2.8,2.8,0.95,0.248,ARE
Uzbekistan,"41.377491, 64.58526200000006",Asia,50.4,1.5,4.1,56.0,2106.0,16.34,32.53,48.87,80.07,1635.0,16.34,32.53,48.87,80.07,1635.0,0.3397,,,,206.0,92.16,9.54,8.8,2.0,16.34,44.16,5.0,49.16,,,UZB
Viet Nam,"14.058324, 108.277199",Asia,77.75,3.074,1.206,82.03,956.4,359.4,524.7,884.1,59.35,9461.0,359.4,524.7,884.1,59.35,9461.0,1.972,0.19699999999999998,0.197,0.175,1821.0,602.7,323.0,71.42,35.0,359.4,80.46,1.402,81.86,,0.175,VNM
Yemen,"15.552727, 48.516388000000006",Asia,3.235,0.065,0.265,3.565,164.3,2.1,0.0,2.1,0.0,78.26,2.1,0.0,2.1,0.0,78.26,0.1315,,0.046,0.006,167.0,88.17,2.0,1.5,1.4,2.1,0.987,2.397,3.54,0.0251,0.006,YEM
Albania,"41.153332, 20.168330999999966",Europe,0.5176,0.2318,0.5613,1.311,435.4,26.9,3.03,30.2,10.93,10425.0,26.9,3.3,30.2,10.93,10425.0,0.0382,,0.026,,1485.0,42.69,2018-05-23 00:00:00,6.2,2.35,26.9,,,1.311,,,ALB
Andorra,"42.506285, 1.5218009999999822",Europe,,,,,,0.3156,,0.3156,,4479.0,0.3156,,0.3156,,4479.0,,,,,,0.4724,,,,0.3156,,,,,,AND
Austria,"47.516231, 14.550072",Europe,0.0771,2.695,0.72,3.492,413.0,55.0,22.07,77.7,29.21,9093.0,55.0,2018-07-22 00:00:00,77.7,29.21,9093.0,1.054,1.919,1.919,,1110.0,93.11,55.0,6.0,6.0,55.0,2.551,1.115,3.492,0.0022,,AUT
Belarus,"53.709807, 27.953389000000016",Europe,0.489,0.478,0.547,1.514,159.4,34.0,23.09,57.9,41.28,6097.0,34.0,2018-09-23 00:00:00,57.9,41.28,6097.0,1.078,,0.666,,618.0,128.3,34.0,15.9,15.9,34.0,0.6629999999999999,0.851,1.514,,,BLR
Belgium,"50.503887, 4.4699359999999615",Europe,0.0402,5.256,0.7093,6.005,542.0,12.0,6.03,18.3,34.43,1620.0,12.0,6.3,18.3,34.43,1620.0,0.8740000000000001,0.1501,,0.003,847.0,25.86,12.0,0.9,0.9,12.0,5.39,0.6125,6.002000000000001,,0.003,BEL
Bosnia and Herzegovina,"43.915886, 17.67907600000001",Europe,,0.0488,0.3218,0.3279,86.06,35.5,2.0,37.5,5.332999999999999,9843.0,35.5,2.0,37.5,5.332999999999999,9843.0,0.0638,,0.0029,,1028.0,52.64,34.34,11.57,10.41,35.5,0.1816,0.1463,0.3279,,,BIH
Bulgaria,"42.733883, 25.485829999999964",Europe,0.8288,3.9010000000000002,0.8996,5.629,787.3,21.0,0.3,21.3,1.4080000000000001,2979.0,21.0,0.3,21.3,1.4080000000000001,2979.0,0.44799999999999995,,,,608.0,67.49,20.1,6.4,5.5,21.0,5.071000000000001,0.5584,5.629,,,BGR
Croatia,"45.1, 15.200000100000011",Europe,0.0086,0.126,0.5079,0.6338,149.5,37.7,67.8,105.5,64.27,24882.0,37.7,67.8,105.5,64.27,24882.0,0.363,,0.268,,1113.0,62.98,27.2,11.0,0.5,37.7,0.1894,0.4444,0.6338,,,HRV
Cyprus,"35.126413, 33.429858999999965",Europe,0.1676,0.006,0.0841,0.2553,219.1,0.78,0.0,0.78,0.0,669.5,0.78,0.0,0.78,0.0,669.5,0.024,0.023,0.023,0.022,498.0,4.606,0.56,0.41,0.19,0.78,0.0668,0.14,0.2218,0.0335,0.022000000000000002,CYP
Czechia,"49.81749199999999, 15.472962000000052",Europe,0.044000000000000004,1.514,0.9585,1.65,156.5,13.15,0.0,13.15,0.0,1247.0,13.15,0.0,13.15,0.0,1247.0,1.2990000000000002,,,,677.0,53.39,13.15,1.43,1.43,13.15,1.2790000000000001,0.3713,1.65,0.0002,,CZE
Denmark,"56.26392, 9.50178500000004",Europe,0.16399999999999998,0.128,0.36,0.652,116.4,6.0,0.0,6.0,0.0,1058.0,6.0,0.0,6.0,0.0,1058.0,0.5,0.24,,,703.0,30.17,3.7,4.3,2.0,6.0,0.008,0.629,0.637,0.015,,DNK
Estonia,"58.595272, 25.013607099999945",Europe,0.005,1.655,0.06,1.72,1310.0,12.71,0.096,12.81,0.7496,9756.0,12.71,0.096,12.81,0.7496,9756.0,0.289,0.311,0.307,,626.0,28.31,11.71,4.0,3.0,12.71,1.521,0.19899999999999998,1.72,,,EST
Finland,"61.92410999999999, 25.748151099999973",Europe,0.05,2.124,0.415,6.562,1241.0,107.0,3.0,110.0,2.727,19989.0,107.0,3.0,110.0,2.727,19989.0,,,,,536.0,181.4,106.8,2.2,2.0,107.0,6.297999999999999,0.264,6.562,0.0001,,FIN
France,"46.227638, 2.213749000000007",Europe,3.1430000000000002,21.61,5.481,30.23,475.6,200.0,11.0,211.0,5.212999999999999,3277.0,200.0,11.0,211.0,5.212999999999999,3277.0,,,,,867.0,476.1,198.0,120.0,118.0,200.0,25.33,5.662000000000001,29.81,0.0117,0.41100000000000003,FRA
Germany,"51.165691, 10.451526000000058",Europe,0.2109,32.6,5.409,33.04,410.5,107.0,47.0,154.0,30.52,1909.0,107.0,47.0,154.0,30.52,1909.0,4.0,3.77,3.77,0.411,700.0,250.2,106.3,45.7,45.0,107.0,27.15,5.841,32.99,,0.042,DEU
Greece,"39.074208, 21.824311999999964",Europe,7.917999999999999,0.3255,1.2930000000000001,9.63,865.2,58.0,10.04,68.4,15.2,6244.0,58.0,10.4,68.4,15.2,6244.0,5.287000000000001,5.212999999999999,5.183,0.042,652.0,86.04,55.5,10.3,7.8,58.0,5.024,3.014,9.593,0.01,0.10400000000000001,GRC
Hungary,"47.162494, 19.503304100000037",Europe,0.322,4.013,0.5945,5.051,507.2,6.0,98.0,104.0,94.23,10553.0,,,,,,0.2167,,,,589.0,54.79,6.0,6.0,6.0,6.0,4.516,0.535,5.051,0.0002,,HUN
Iceland,"64.963051, -19.020835000000034",Europe,0.0003,0.198,0.08,0.2783,844.9,170.0,0.0,170.0,0.0,516090.0,170.0,0.0,170.0,0.0,516090.0,,,,,1940.0,199.8,166.0,24.0,20.0,170.0,0.019,2.971,0.2783,,,ISL
Ireland,"53.1423672, -7.692053600000008",Europe,0.179,0.051,0.628,0.757,162.2,49.0,3.0,52.0,5.769,11092.0,49.0,3.0,52.0,5.769,11092.0,0.7829999999999999,0.757,0.723,,1118.0,78.57,48.2,10.8,10.0,49.0,0.561,0.196,0.757,0.0002,,IRL
Italy,"41.87194, 12.567379999999957",Europe,12.89,16.29,9.451,53.75,899.8,182.5,8.8,191.3,4.6,3199.0,182.5,8.8,191.3,4.6,3199.0,3.926,,3.902,0.045,832.0,250.7,170.5,43.0,31.0,182.5,,,53.75,0.0973,0.045,ITA
Latvia,"56.879635, 24.60318899999993",Europe,0.0363,0.0522,0.1593,0.2478,125.8,16.94,18.0,34.94,51.52,17736.0,16.94,18.0,34.94,51.52,17736.0,0.23800000000000002,,0.128,0.012,667.0,43.01,16.54,4.7,4.3,16.94,0.0879,0.1479,0.23600000000000002,,0.012,LVA
Lithuania,"55.169438, 23.88127499999996",Europe,0.0656,0.4159,0.1499,0.6314,209.4,,,,,,15.46,2018-04-09 00:00:00,24.5,36.9,8513.0,,,0.128,0.005,656.0,42.83,15.36,1.1,1.0,15.46,0.4518,0.1746,0.6264,,0.005,LTU
Luxembourg,"49.815273, 6.129583000000025",Europe,0.0003,0.002,0.0408,0.0431,76.0,,,,,,1.0,2.5,3.5,71.43,6172.0,0.0208,0.04,0.04,,934.0,2.419,1.0,0.08,0.08,1.0,0.018000000000000002,0.0251,0.0431,,,LUX
Malta,"35.937496, 14.375415999999973",Europe,0.028999999999999998,0.001,0.0153,0.0453,108.2,15.46,9.4,24.5,36.9,8513.0,0.0505,0.0,0.0505,0.0,120.6,0.0212,,0.002,0.004,560.0,0.1792,0.0005,0.05,0.0,0.0505,0.0,0.0224,0.0224,0.0189,0.004,MLT
Netherlands,"52.132633, 5.2912659999999505",Europe,0.0602,9.446,1.217,10.72,640.0,1.0,2.5,3.5,71.43,6172.0,11.0,80.0,91.0,87.91,5377.0,1.9340000000000002,1.875,1.875,0.008,778.0,32.32,11.0,4.5,4.5,11.0,9.776,0.9403,10.72,,0.008,NLD
Norway,"60.47202399999999, 8.46894599999996",Europe,0.8449,1.071,0.838,3.0260000000000002,641.5,0.0505,0.0,0.0505,0.0,120.6,382.0,11.0,393.0,2.799,75417.0,0.93,0.883,,,1414.0,544.6,376.0,96.0,90.0,382.0,,,3.0260000000000002,0.0001,,NOR
Poland,"51.919438, 19.14513599999998",Europe,1.102,9.425,2.292,11.48,297.3,11.0,80.0,91.0,87.91,5377.0,53.6,6.9,60.5,11.4,1567.0,2.168,2.089,1.356,0.003,600.0,187.6,53.1,12.5,12.0,53.6,8.824,2.6439999999999997,11.47,0.006999999999999999,0.003,POL
Portugal,"39.39987199999999, -8.224454000000037",Europe,8.767000000000001,1.4969999999999999,0.9105,9.151,867.3,382.0,11.0,393.0,2.799,75417.0,38.0,39.4,77.4,50.9,,0.5770000000000001,0.54,0.27,0.003,854.0,78.76,38.0,4.0,4.0,38.0,4.352,4.794,9.146,0.0016,0.003,PRT
Republic of Moldova,"47.411631, 28.369885000000068",Europe,0.038,0.8825,0.146,1.065,258.0,53.6,6.9,60.5,11.4,1567.0,1.62,10.65,12.27,86.8,3015.0,0.0525,,0.296,,450.0,15.23,1.32,1.3,1.0,1.62,,,1.065,,,NaN
Romania,"45.943161, 24.966760000000022",Europe,1.135,4.303,0.98,6.417999999999999,328.9,38.0,39.4,77.4,50.9,7478.0,42.38,169.6,212.0,80.01,10866.0,4.982,0.795,0.373,,637.0,151.9,42.0,8.38,8.0,42.38,5.837000000000001,0.581,6.417999999999999,,,ROU
Russian Federation,"61.52401, 105.31875600000001",Europe,13.2,39.6,13.4,61.0,425.2,1.62,10.65,12.27,86.8,3015.0,4312.0,213.4,4525.0,4.716,31543.0,12.32,11.33,,,460.0,7865.0,4036.0,788.0,512.0,4312.0,,,61.0,,,RUS
Serbia,"44.016521, 21.005858999999987",Europe,0.1167,,,4.15,468.9,42.38,169.6,212.0,80.01,10866.0,8.407,,162.2,,18326.0,0.449,,,,,49.98,,,,8.407,3.673,0.4777,4.15,,,SRB
Slovakia,"48.669026, 19.69902400000001",Europe,0.0229,0.3288,0.3058,0.5593,103.1,4312.0,213.4,4525.0,4.716,31543.0,12.6,37.5,50.1,74.85,9233.0,0.56,,,,824.0,40.41,12.6,1.73,1.73,12.6,0.23800000000000002,0.3213,0.5593,,,SVK
Slovenia,"46.151241, 14.995462999999972",Europe,0.0036,0.988,0.16399999999999998,1.156,559.0,8.407,,162.2,,18326.0,18.67,13.2,31.87,41.42,15411.0,0.183,,0.126,,1162.0,23.55,18.52,13.5,13.35,18.67,0.9745,0.1811,1.156,,,SVN
Spain,"40.46366700000001, -3.7492200000000366",Europe,25.47,6.572,5.308,37.35,800.9,12.6,37.5,50.1,74.85,9233.0,111.2,0.3,111.5,0.2691,2418.0,3.1830000000000003,,3.16,0.496,636.0,321.8,109.5,29.9,28.2,111.2,29.87,6.8839999999999995,36.75,0.1002,0.496,ESP
Sweden,"60.12816100000001, 18.643501000000015",Europe,0.098,1.5719999999999998,1.0190000000000001,2.6889999999999996,281.8,18.67,13.2,31.87,41.42,15411.0,171.0,3.0,174.0,1.724,17793.0,0.6709999999999999,,0.436,,624.0,279.2,170.0,20.0,19.0,171.0,2.3409999999999997,0.348,2.6889999999999996,0.0002,,SWE
Switzerland,"46.818188, 8.227511999999933",Europe,0.1601,0.6427,0.917,2.005,249.9,111.2,0.3,111.5,0.2691,2418.0,40.4,13.1,53.5,24.49,6447.0,1.409,1.409,1.084,,1537.0,63.46,40.4,2.5,2.5,40.4,0.9995,1.005,2.005,,,CHE
The former Yugoslav Republic of Macedonia,"41.608635, 21.745274999999992",Europe,0.1255,0.107,0.2317,0.5512,268.7,171.0,3.0,174.0,1.724,17793.0,5.4,1.0,6.4,15.62,3080.0,0.0412,,,,619.0,15.91,5.4,,,5.4,0.885,0.1621,0.5512,,,NaN
Ukraine,"48.379433, 31.16557990000001",Europe,4.454,7.126,3.266,14.85,327.7,40.4,13.1,53.5,24.49,6447.0,55.1,120.2,175.3,68.57,3911.0,2.154,,1.416,,565.0,341.0,50.1,22.0,17.0,55.1,11.88,2.97,14.85,,,UKR
United Kingdom,"55.378051, -3.43597299999999",Europe,1.0490000000000002,1.193,5.8660000000000005,8.214,129.2,5.4,1.0,6.4,15.62,3080.0,145.0,2.0,147.0,1.361,2271.0,4.0889999999999995,4.048,4.048,0.164,1220.0,297.2,144.2,9.8,9.0,145.0,5.971,2.046,8.017000000000001,0.0333,0.16399999999999998,NaN
Australia,"-25.274398, 133.77513599999997",Oceania,10.59,2.7680000000000002,4.015,17.37,724.7,55.1,120.2,175.3,68.57,3911.0,492.0,0.0,492.0,0.0,20527.0,2.094,1.828,2.0,0.42,534.0,4134.0,440.0,72.0,20.0,492.0,,4.962,16.76,0.14400000000000002,0.42,AUS
Fiji,"-17.713371, 178.06503199999997",Oceania,0.05,0.0096,0.0253,0.0849,101.7,492.0,0.0,492.0,,,28.55,0.0,28.55,0.0,32003.0,,,,,2592.0,47.36,28.55,5.273,5.273,28.55,,,0.0849,,,FJI
New Zealand,"-40.900557, 174.88597100000004",Oceania,3.207,1.1840000000000002,0.81,5.2010000000000005,1172.0,,0.0,,0.0,,327.0,0.0,327.0,0.0,72201.0,,,,,1732.0,463.7,,,,327.0,3.5269999999999997,1.6740000000000002,5.2010000000000005,,,NZL
